addr	name	evidence
804777E0	PPCHalt	sync; nop; li r3,0; nop; b back: the SDK's halt loop, the only one in the DOL
804C0F20	KPADInit	li r3,0; li r4,0; b 804C0F30: KPAD.o order (KPADRead, KPADiRead, KPADInit, KPADInitEx, KPADReset), as in Victorious
804C0F30	KPADInitEx	KPADInit's body; calls WPADSetCallbackByKPAD and WPADGetStatus; 0x444 bytes (Victorious 0x468)
804C1380	KPADReset	KPAD.o order, 0xA0 bytes as in Victorious; clears the four channels' WPAD callbacks
804EDC90	WPADRegisterAllocator	b WUDRegisterAlloc: WPAD's allocator is WUD's
804EDCA0	WPADGetStatus	b WUDGetStatus; called by KPADInitEx and KPADiRead
804EDD00	WPADGetSensorBarPosition	0x34 bytes after WPADGetRadioSensitivity, as in Victorious; called by KPADiSamplingCallback
804EF9D0	WPADRead	0xE4 bytes after WPADSaveConfig (Victorious: WPADRead 0x98 there); a channel's status copied under OSDisableInterrupts; called by KPADiSamplingCallback (804C1670) and by the game
804EFAC0	WPADSetAutoSamplingBuf	after WPADRead, before WPADGetLatestIndexInBuf (Dolphin's), as in Victorious's order; called by the game
804E6F30	__VIRetraceHandler	VI.o order: before VISetPreRetraceCallback/VISetPostRetraceCallback (0x44 each), getTiming, __VIInit, VIInit (Dolphin's); 2060 bytes as in Arc Rise Fantasia; reads VI's 0xCC002030
804D2300	RealMode	clrlwi r3,r3,2; mtsrr0 r3; mfmsr; IR/DR cleared; mtsrr1; rfi: the only such sequence; called with the BAT set-up routines (804D1E80) as r3
804DA1CC	RSOLocateObject	turns the header's offsets into addresses (sections, name, relocation tables; bss into the bss section's entry); called by RSOLinkListFixed
804DB4C0	RSOStaticLocateObject	(sel): puts the static module at the head of the module list; called by the game's loader (80040710) with mh3.sel
804DB530	RSOLinkListFixed	(rso, bss, fixed): RSOLocateObject, links against every module in the list both ways, appends it; fixed >= 2 clears bss and drops the relocation tables
804DB60C	RSOLinkList	li r5,0; b RSOLinkListFixed; called by the game's loader (800405FC) after the module is read and its bss placed after it
804DB614	RSOUnLinkList	(rso): takes it out of the list, unlinks it from every other module both ways
804ED950	__wpadInitSub	prints "WPADInit()" (the string pass would name it WPADInit); 0x25C bytes; called by WPADInit
804EDBB0	WPADInit	0x70 bytes as in Victorious; calls __wpadInitSub (804ED950); called by the game (80041B8C)
804EF250	WPADGetDataFormat	0x44 bytes after WPADSetExtensionCallback (sel), as in Victorious; returns the control block's +0x8B8; called by WPADClampStick (804F8A00)
804EF2A0	WPADSetDataFormat	after WPADGetDataFormat, as in Victorious (0xB8 bytes, Victorious 0xC0); stores (chan, fmt) at +0x8B8 after sending the report type
804EF0D0	WPADSetSamplingCallback	0x88 bytes before WPADSetConnectCallback (0x88, sel), as in Victorious; called by KPADInitEx, KPADReset and the game's setWpadCallback (sel)
804F19F0	WPADGetDpdSensitivity	0x34 bytes after WPADSendStreamData (sel), before WPADIsDpdEnabled, as in Victorious; called by KPADInitEx
804F1A30	WPADIsDpdEnabled	0x44 bytes as in Victorious, after WPADGetDpdSensitivity; called by KPADiRead and the game
